<?xml version="1.0" encoding="UTF-8" ?>
<product>
  <name>SOLEX Custom Classes</name>
  <version>
  <major>7</major>
  <minor>6</minor>
  <patch>1</patch>
  <modlevel>0</modlevel>
  <build>001</build>
  </version>
  <dbmaxvarname>ACUSTOMER</dbmaxvarname>
  <dbscripts>a_customer</dbscripts>
  <dbversion>V7610-001</dbversion>
  <lastdbversion>V7610-001</lastdbversion>
  <lastreportversion>V0000</lastreportversion>
  <extensions>
    <mboset objectname='WORKORDER' extends='psdi.app.workorder.WOSet'>com.sqm.app.workorder.CustWOSet</mboset>

    <field objectname='MRLINE' attributename='ITEMNUM'>com.sqm.app.mr.CustFldMRLineItemnum</field>

    <service servicename='SIGNATURE'>com.sqm.app.signature.CustSignatureService</service>
    <service servicename='SAP'>com.sqm.iface.sap.SAPService</service>
  </extensions>
</product>
