<?xml version="1.0" encoding="UTF-8" ?>
<product>
  <name>SOLEX Custom Classes</name>
  <version>
	  <major>7</major>
	  <minor>6</minor>
	  <modlevel>1</modlevel>
	  <patch>0</patch>
	  <build>0</build>
  </version>
  <dbmaxvarname>ACUSTOMER</dbmaxvarname>
  <dbscripts>a_customer</dbscripts>
  <dbversion>V7610-0</dbversion>
  <lastdbversion>V7610-0</lastdbversion>
  <lastreportversion>0000</lastreportversion>
  <extensions>
	  <mboset objectname='WORKORDER' extends='psdi.app.workorder.WOSet'>com.sqm.app.workorder.CustWOSet</mboset>

	  <field objectname='MRLINE' attributename='ITEMNUM'>com.sqm.app.mr.CustFldMRLineItemnum</field>

	  <service servicename='SIGNATURE'>com.sqm.app.signature.CustSignatureService</service>
	  <service servicename='SAP'>com.sqm.iface.sap.SAPService</service>
  </extensions>
</product>
